Site_ID,Unit,Association,Landscape,Area_ha,Elig_prop,Elig_ha,Fire_elig,fire,sand,bulkdens,map,mat,cattle,goat,sheep,geom,Burn,Cattle_head,Goat_head,Sheep_head,LSU_head,Ligcell,W_kg,Days,npastures,d_headha,Gdays,ANPPmax_gm2,Sk_gm2,Ddays,Edays,S0_gm2,Fdays,Cg_gheadday,Se_gm2,g_ggday,Lg_gm2,Sg_gm2,Sf_gm2,Lo_gm2,ANPPt_est,BNPPt_est,PDSOCt,DDSOCt,SOCeq_gm2,SOCeq_tha
TSTALTS001,TSTALTS,Lower Tsitsana,Tsitsa,5539.528511269144,0.8177605843209146,4530.008072237821,0.254642860254362,0,0.43,0.43,764,15,36.53096008300781,19.539613723754883,16.732589721679688,"c(28.3716, -30.8815166666667)",0.254642860254362,2023.6429492385678,1082.4024732192602,926.9065783061365,2224.5738543911075,0.3,475,365,1,0.4910750309749823,189.12199999999996,742.7949382020446,825.3277091133829,189.12199999999996,0,82.53277091133829,0,20091.504798213347,82.53277091133829,0.011954568145683308,186.5960173704658,633.1969316511586,633.1969316511586,86.76445454014552,1138.3401809488428,375.0703818443584,118.42263628053614,11.071099112379757,7131.943279383752,71.31943279383752
TSTALTS002,TSTALTS,Lower Tsitsana,Tsitsa,5539.528511269144,0.8177605843209146,4530.008072237821,0.254642860254362,0,0.5,0.5,756,15.1,36.53096008300781,19.539613723754883,16.732589721679688,"c(28.3379, -30.86855)",0.254642860254362,2023.6429492385678,1082.4024732192602,926.9065783061365,2224.5738543911075,0.3,475,365,1,0.4910750309749823,188.00759999999994,739.5939011830754,821.7710013145282,188.00759999999994,0,82.17710013145283,0,20091.504798213347,82.17710013145283,0.012006308722666038,185.49650170461175,630.4707967159331,630.4707967159331,87.31421237307254,1135.614046013617,376.2439510321606,118.30550176900269,11.048833920146214,7246.313724489002,72.46313724489002
TSTALTS003,TSTALTS,Lower Tsitsana,Tsitsa,5539.528511269144,0.8177605843209146,4530.008072237821,0.254642860254362,0,0.48,0.48,757,15.5,36.53096008300781,19.539613723754883,16.732589721679688,"c(28.3507333333333, -30.8777833333333)",0.254642860254362,2023.6429492385678,1082.4024732192602,926.9065783061365,2224.5738543911075,0.3,475,365,1,0.4910750309749823,185.771,751.2046965378573,834.67188504206365,185.771,0,83.46718850420638,0,20091.504798213347,83.46718850420638,0.011820736409037427,183.28977455255765,645.1842134911005,645.1842134911006,88.41757594909959,1150.3274627887847,377.9603501239222,120.00083391427634,11.004147695317116,7417.150387933605,74.17150387933606
TSTALTS004,TSTALTS,Lower Tsitsana,Tsitsa,5539.528511269144,0.8177605843209146,4530.008072237821,0.254642860254362,0,0.43,0.43,762,15.5,36.53096008300781,19.539613723754883,16.732589721679688,"c(28.36005, -30.8923166666667)",0.254642860254362,2023.6429492385678,1082.4024732192602,926.9065783061365,2224.5738543911075,0.3,475,365,1,0.4910750309749823,186.136,754.9772913568049,838.8636570631165,186.136,0,83.88636570631166,0,20091.504798213347,83.88636570631165,0.011761668607338738,183.64989947900844,649.1369936651627,649.1369936651627,88.2375134858742,1154.2802429628468,377.50603381412714,120.33607977217537,11.011440225077747,7370.916832008482,73.70916832008481
TSTAUTS001,TSTAUTS,Upper Tsitsana,Tsitsa,4807.845280002913,0.7712211188183044,3707.91181594915,0.22023290115933225,0,0.44,0.44,744,15.1,38.33924102783203,16.95063591003418,14.679498672485352,"c(28.3087338174377, -30.8526674133232)",0.22023290115933225,1843.2913901455624,814.9603485310571,705.7675840531773,1995.3641834039859,0.3,475,365,1,0.5381369035857756,187.13159999999993,731.39396419744,812.6599602193778,187.13159999999993,0,81.26599602193778,0,20091.504798213347,81.26599602193778,0.01330443323129958,202.3263150343248,602.7854718734523,602.7854718734523,96.15548077676704,1107.9287211711362,370.7505472489878,116.7864943871366,12.08851273034922,7381.8021319352165,73.81802131935217
TSTAUTS002,TSTAUTS,Upper Tsitsana,Tsitsa,4807.845280002913,0.7712211188183044,3707.91181594915,0.22023290115933225,0,0.46,0.46,765,13.7,38.33924102783203,16.95063591003418,14.679498672485352,"c(28.3174693183962, -30.8679742386352)",0.22023290115933225,1843.2913901455624,814.9603485310571,705.7675840531773,1995.3641834039859,0.3,475,365,1,0.5381369035857756,194.3794,708.8927550385376,787.6586167094863,194.3794,0,78.76586167094864,0,20091.504798213347,78.76586167094864,0.013726733830015457,210.1626220295399,571.3993213174268,571.3993213174268,92.2373272791595,1076.542570615111,362.990014802383,112.46646489084264,12.247197947002327,6672.64439320974,66.7264439320974
TSTAUTS003,TSTAUTS,Upper Tsitsana,Tsitsa,4807.845280002913,0.7712211188183044,3707.91181594915,0.22023290115933225,0,0.49,0.49,744,15.1,38.33924102783203,16.95063591003418,14.679498672485352,"c(28.3074720974843, -30.8537541283206)",0.22023290115933225,1843.2913901455624,814.9603485310571,705.7675840531773,1995.3641834039859,0.3,475,365,1,0.5381369035857756,187.13159999999993,731.187231148089,812.43025683121,187.13159999999993,0,81.243025683121,0,20091.504798213347,81.243025683121,0.013308194875287092,202.3263150343248,602.5526377157934,602.5526377157934,96.15548077676704,1107.6958870134774,370.7774355851222,116.7662191839679,12.08851273034922,7379.06275652525,73.79062756525249
TSTABTL001,TSTABTL,Batlokoa,Tsitsa,9656.994935572598,0.6864859492632991,6629.391335377427,0.17667757931932349,0,0.45,0.45,770,15,39.34626770019531,19.07048797607422,16.076757431030273,"c(28.42906667, -30.87473333)",0.17667757931932349,3799.667079144698,1841.6360580384687,1552.531650918885,4139.083850040433,0.3,475,365,1,0.6243535251799682,189.55999999999995,746.8942953209222,829.8825503565802,189.55999999999995,0,82.98825503565803,0,20091.504798213347,82.98825503565803,0.0151156351480638,237.78789021049505,582.1820073111351,582.1820073111351,110.03773860131164,1087.325256608819,356.4201966133228,114.7295871354536,14.086937966878173,7018.111983314149,70.1811198331415
TSTABTL002,TSTABTL,Batlokoa,Tsitsa,9656.994935572598,0.6864859492632991,6629.391335377427,0.17667757931932349,0.10000000149011612,0.45,0.45,780,15.5,38.140625,16.54329490661621,13.342466354370115,"c(28.4407, -30.92866667)",0.17667757931932349,3683.2382246457364,1597.585151308767,1288.481300122,3971.844869788813,0.3,475,365,1,0.5991266269941337,187.45,767.6531595637207,852.9479550708007,187.45,0,85.29479550708008,0,20091.504798213347,85.29479550708007,0.014112649464047115,225.6402288660578,618.2091788343582,618.2091788343583,106.86162346003887,1123.3524281320424,361.6414593727152,119.73281331877989,13.466325019206918,7237.074852318909,72.37074852318909
TSTABTL003,TSTABTL,Batlokoa,Tsitsa,9656.994935572598,0.6864859492632991,6629.391335377427,0.17667757931932349,0.10000000149011612,0.44,0.44,767,15,36.53096008300781,19.539613723754883,16.732589721679688,"c(28.4082885268276, -30.87331411619)",0.17667757931932349,3527.792965132112,1886.9395077334575,1615.8653420127487,3878.0734501067327,0.3,475,365,1,0.5849818262215991,189.34099999999995,744.845888634334,827.6065429270377,189.34099999999995,0,82.76065429270378,0,20091.504798213347,82.76065429270378,0.014201392278546826,222.5356046149809,596.6777127193474,596.6777127193474,103.22746201578884,1101.8209620170314,362.1053730867333,117.6146548357109,13.193404198546174,7165.290516895367,71.65290516895367
TSTABTL004,TSTABTL,Batlokoa,Tsitsa,9656.994935572598,0.6864859492632991,6629.391335377427,0.17667757931932349,0.10000000149011612,0.43,0.43,774,15.4,29.304004669189453,14.095439910888672,9.67866039276123,"c(28.4026, -30.9175166666667)",0.17667757931932349,2829.8862468235834,1361.1959183411977,934.667743960223,3059.4726130537256,0.3,475,365,1,0.46150128394548046,187.61759999999998,760.7324666012211,845.2582962235789,187.61759999999998,0,84.52582962235789,0,20091.504798213347,84.52582962235789,0.010969729965619459,173.9638278613462,666.3007747863567,666.3007747863567,82.2367445784203,1171.4440240840408,379.79581809338293,129.30594436348088,10.376123183810543,7646.58806458141,76.46588064581411
TSTABTL005,TSTABTL,Batlokoa,Tsitsa,9656.994935572598,0.6864859492632991,6629.391335377427,0.17667757931932349,0,0.48,0.48,783,15.3,38.140625,16.54329490661621,13.342466354370115,"c(28.44591667, -30.91723333)",0.17667757931932349,3683.2382246457364,1597.585151308767,1288.481300122,3971.844869788813,0.3,475,365,1,0.5991266269941337,188.86139999999997,764.0798577364133,848.9776197071258,188.86139999999997,0,84.89776197071258,0,20091.504798213347,84.89776197071258,0.014178648790697895,227.33918122146756,612.9180644771159,612.9180644771159,106.01214728233403,1118.0613137748,360.35730259053827,118.98966807254045,13.500728804403964,7114.3510401765525,71.14351040176552
TSTABTL006,TSTABTL,Batlokoa,Tsitsa,9656.994935572598,0.6864859492632991,6629.391335377427,0.17667757931932349,0,0.47,0.47,777,15.3,29.304004669189453,14.095439910888672,9.67866039276123,"c(28.4123333333333, -30.92465)",0.17667757931932349,2829.8862468235834,1361.1959183411977,934.667743960223,3059.4726130537256,0.3,475,365,1,0.46150128394548046,188.4234,759.9143638676155,844.3492931862395,188.4234,0,84.43492931862396,0,20091.504798213347,84.43492931862396,0.010981539672737127,174.71098619025923,664.792835056983,664.792835056983,81.8631654139638,1169.936084354667,379.0800463451092,129.0463664206017,10.391253139971035,7567.6126398849365,75.67612639884936
TSTABTL007,TSTABTL,Batlokoa,Tsitsa,9656.994935572598,0.6864859492632991,6629.391335377427,0.17667757931932349,0,0.39,0.39,777,15,39.34626770019531,19.07048797607422,16.076757431030273,"c(28.44176667, -30.8791)",0.17667757931932349,3799.667079144698,1841.6360580384687,1552.531650918885,4139.083850040433,0.3,475,365,1,0.6243535251799682,190.07099999999997,752.0182562208488,835.5758402453876,190.07099999999997,0,83.55758402453876,0,20091.504798213347,83.55758402453876,0.01501264306930037,238.42889892487347,587.528465500741,587.528465500741,109.71723424412245,1092.671714798425,355.84015307826166,115.25029302357659,14.099918393344334,6961.720328667359,69.6172032866736
TSTABTL009,TSTABTL,Batlokoa,Tsitsa,9656.994935572598,0.6864859492632991,6629.391335377427,0.17667757931932349,0,0.41,0.41,767,14.8,36.53096008300781,19.539613723754883,16.732589721679688,"c(28.38127744189, -30.8773178951881)",0.17667757931932349,3527.792965132112,1886.9395077334575,1615.8653420127487,3878.0734501067327,0.3,475,365,1,0.5849818262215991,190.34539999999998,739.5703327247717,821.7448141386352,190.34539999999998,0,82.17448141386353,0,20091.504798213347,82.17448141386353,0.014302694664059064,223.71609252449488,589.8313711800762,589.8313711800762,102.63721806103183,1094.9746204777603,361.1164696396926,116.7307441398074,13.217309078713834,7081.536724783898,70.81536724783898
TSTABTL010,TSTABTL,Batlokoa,Tsitsa,9656.994935572598,0.6864859492632991,6629.391335377427,0.17667757931932349,0,0.37,0.37,772,15.5,29.304004669189453,14.095439910888672,9.67866039276123,"c(28.39105, -30.91688333)",0.17667757931932349,2829.8862468235834,1361.1959183411977,934.667743960223,3059.4726130537256,0.3,475,365,1,0.46150128394548046,186.86599999999999,762.3365019655511,847.0405577395012,186.86599999999999,0,84.70405577395013,0,20091.504798213347,84.70405577395013,0.010946648511751464,173.26692515594655,668.643382109902,668.643382109902,82.58519593112013,1173.786631407586,380.4000731546787,129.6421269612433,10.362010904026201,7718.5404097017245,77.18540409701724
TSTABTL011,TSTABTL,Batlokoa,Tsitsa,9656.994935572598,0.6864859492632991,6629.391335377427,0.17667757931932349,0,0.47,0.47,784,15,39.34626770019531,19.07048797607422,16.076757431030273,"c(28.46035, -30.90818333)",0.17667757931932349,3799.667079144698,1841.6360580384687,1552.531650918885,4139.083850040433,0.3,475,365,1,0.6243535251799682,190.58199999999997,756.5343065227864,840.5936739142071,190.58199999999997,0,84.05936739142072,0,20091.504798213347,84.05936739142071,0.014923026708639067,239.0699076392518,592.1762485753576,592.1762485753576,109.39672988693329,1097.3194978730417,355.2877315143775,115.69769266242275,14.112898819810496,6898.336636173308,68.98336636173308
TSTABTL012,TSTABTL,Batlokoa,Tsitsa,9656.994935572598,0.6864859492632991,6629.391335377427,0.17667757931932349,0,0.43,0.43,775,15.4,39.34626770019531,19.07048797607422,16.076757431030273,"c(28.43321667, -30.88885)",0.17667757931932349,3799.667079144698,1841.6360580384687,1552.531650918885,4139.083850040433,0.3,475,365,1,0.6243535251799682,187.69059999999996,761.4380305072805,846.0422561192005,187.69059999999996,0,84.60422561192006,0,20091.504798213347,84.60422561192006,0.014826921180598068,235.44287711722907,600.3830363004347,600.3830363004347,111.21024514794465,1105.5262855981186,358.1069646349306,116.95310946945791,14.039451451739534,7158.167141953488,71.58167141953487
TSTABTL014,TSTABTL,Batlokoa,Tsitsa,9656.994935572598,0.6864859492632991,6629.391335377427,0.17667757931932349,0,0.47,0.47,774,15.5,39.34626770019531,19.07048797607422,16.076757431030273,"c(28.43071667, -30.90175)",0.17667757931932349,3799.667079144698,1841.6360580384687,1552.531650918885,4139.083850040433,0.3,475,365,1,0.6243535251799682,187.012,763.3224206005058,848.1360228894508,187.012,0,84.81360228894509,0,20091.504798213347,84.81360228894509,0.014790318425809638,234.59162757989617,603.1290900982483,603.1290900982483,111.63586991661113,1108.2723393959322,358.7359558268705,117.33374163330502,14.022213648608545,7212.877870602313,72.12877870602313
TSTABTL015,TSTABTL,Batlokoa,Tsitsa,9656.994935572598,0.6864859492632991,6629.391335377427,0.17667757931932349,0.10000000149011612,0.48,0.48,774,15.4,29.304004669189453,14.095439910888672,9.67866039276123,"c(28.3989, -30.9193166666667)",0.17667757931932349,2829.8862468235834,1361.1959183411977,934.667743960223,3059.4726130537256,0.3,475,365,1,0.46150128394548046,187.61759999999998,760.5174529968228,845.019392218692,187.61759999999998,0,84.50193922186921,0,20091.504798213347,84.50193922186921,0.010972831329263235,173.9638278613462,666.060393670209,666.0603936702089,82.2367445784203,1171.2036429678928,379.8252376264145,129.28385993300495,10.376123183810543,7643.744384036951,76.43744384036951
TSTABTL016,TSTABTL,Batlokoa,Tsitsa,9656.994935572598,0.6864859492632991,6629.391335377427,0.17667757931932349,0,0.44,0.44,775,15.2,36.53096008300781,19.539613723754883,16.732589721679688,"c(28.40065, -30.91261667)",0.17667757931932349,3527.792965132112,1886.9395077334575,1615.8653420127487,3878.0734501067327,0.3,475,365,1,0.5849818262215991,188.84539999999998,755.8892733983096,839.8769704425662,188.84539999999998,0,83.98769704425662,0,20091.504798213347,83.98769704425662,0.013993912896796818,221.9531177492351,609.5850647646505,609.5850647646505,103.51870544866175,1114.7283140623344,362.4376565436444,119.0854370055433,13.181608839514823,7183.304344264731,71.83304344264731
TSTALSX001,TSTALSX,Lower Sinxaku,Tsitsa,1094.6336102649857,0.5675823774384452,621.2947469382291,0.01607142887743456,0,0.51,0.51,735,17,30.253639221191406,18.10358238220215,17.367231369018555,"c(28.6394024623215, -31.1066385923048)",0.01607142887743456,331.16650324347114,198.16789741759527,190.1075517377609,369.99404815900675,0.3,475,365,1,0.5955209664693859,172.82500000000002,776.1971322605707,862.4412580673007,172.82500000000002,0,86.24412580673008,0,20091.504798213347,86.24412580673008,0.013873307014635693,206.78359777971733,640.8364200177442,640.8364200177442,114.96785159356914,1145.9796693154283,373.32082910718617,136.28495070782964,13.030933699618101,9380.554463438944,93.80554463438945
TSTAUSX001,TSTAUSX,Upper Sinxaku,Tsitsa,2333.39558192116,0.7387697739386773,1723.8421265654038,0.01804281377008563,0.10000000149011612,0.51,0.51,731,17,30.253639221191406,18.10358238220215,17.367231369018555,"c(28.6106885748243, -31.1058746083804)",0.01804281377008563,705.9370809576476,422.42819147576245,405.2462094667047,788.7045210518943,0.3,475,365,1,0.4575271185786109,172.53300000000002,773.1618223918091,859.0686915464545,172.53300000000002,0,85.90686915464545,0,20091.504798213347,85.90686915464545,0.01070043453881104,158.59937809193602,691.7770638897825,691.7770638897825,88.46176239681871,1196.9203131874665,391.23766804716627,147.46138743121696,10.005976189794568,9968.159362482693,99.68159362482693
TSTAUSX002,TSTAUSX,Upper Sinxaku,Tsitsa,2333.39558192116,0.7387697739386773,1723.8421265654038,0.01804281377008563,0,0.51,0.51,752,16.6,30.253639221191406,18.10358238220215,17.367231369018555,"c(28.6079616626037, -31.1372235221258)",0.01804281377008563,705.9370809576476,422.42819147576245,405.2462094667047,788.7045210518943,0.3,475,365,1,0.4575271185786109,177.50359999999998,777.7920901123754,864.2134334581948,177.50359999999998,0,86.42134334581948,0,20091.504798213347,86.42134334581948,0.01063673386960787,163.1685565606566,693.9196330501276,693.9196330501276,86.1771731624584,1199.0628823478116,387.81917365202776,147.35842996891984,10.09850205378616,9395.748373265267,93.95748373265268
TSTAUSX003,TSTAUSX,Upper Sinxaku,Tsitsa,2333.39558192116,0.7387697739386773,1723.8421265654038,0.01804281377008563,0,0.54,0.54,757,16.5,30.253639221191406,18.10358238220215,17.367231369018555,"c(28.6100020890679, -31.1257683534175)",0.01804281377008563,705.9370809576476,422.42819147576245,405.2462094667047,788.7045210518943,0.3,475,365,1,0.4575271185786109,178.68099999999998,778.5632853418783,865.0703170465315,178.68099999999998,0,86.50703170465316,0,20091.504798213347,86.50703170465316,0.01062619779813857,164.25087071369083,694.0203184803141,694.0203184803141,85.636016085941307,1199.1635677779982,386.9533916136978,147.27128561632625,10.120418915385102,9262.16410848647,92.62164108486469
TSTAUSX004,TSTAUSX,Upper Sinxaku,Tsitsa,2333.39558192116,0.7387697739386773,1723.8421265654038,0.01804281377008563,0,0.46,0.46,745,16.7,30.253639221191406,18.10358238220215,17.367231369018555,"c(28.6030784837299, -31.1199782525292)",0.01804281377008563,705.9370809576476,422.42819147576245,405.2462094667047,788.7045210518943,0.3,475,365,1,0.4575271185786109,176.16139999999996,775.5885178448929,861.7650198276588,176.16139999999996,0,86.17650198276588,0,20091.504798213347,86.17650198276588,0.01066695454878552,161.9347515188675,692.3034657681306,692.3034657681308,86.79407568335294,1197.4467150658147,388.80906982596593,147.259203060167,10.073517501689928,9558.124502363336,95.58124502363336
TSTAUSX005,TSTAUSX,Upper Sinxaku,Tsitsa,2333.39558192116,0.7387697739386773,1723.8421265654038,0.01804281377008563,0,0.46,0.46,733,17,30.253639221191406,18.10358238220215,17.367231369018555,"c(28.6086187882667, -31.0921365569576)",0.01804281377008563,705.9370809576476,422.42819147576245,405.2462094667047,788.7045210518943,0.3,475,365,1,0.4575271185786109,172.679,774.899116017455,860.9990177971722,172.679,0,86.09990177971723,0,20091.504798213347,86.09990177971723,0.010676444581497035,158.73358725309023,693.6384424729581,693.6384424729582,88.39465781624159,1198.7816917706423,391.0735952559615,147.6867460000642,10.00869392530794,9946.783641334856,99.46783641334856
TSTAUSX006,TSTAUSX,Upper Sinxaku,Tsitsa,2333.39558192116,0.7387697739386773,1723.8421265654038,0.01804281377008563,0.10000000149011612,0.52,0.52,747,16.7,30.253639221191406,18.10358238220215,17.367231369018555,"c(28.6112203270987, -31.1105195683259)",0.01804281377008563,705.9370809576476,422.42819147576245,405.2462094667047,788.7045210518943,0.3,475,365,1,0.4575271185786109,176.30739999999997,776.8193059155692,863.1325621284102,176.30739999999997,0,86.31325621284103,0,20091.504798213347,86.31325621284103,0.010650053886933897,162.06896068002175,693.5897572084772,693.5897572084772,86.72697110277583,1198.7330065061612,388.69114493786344,147.41559394515053,10.076235237203303,9529.721017826572,95.29721017826573
TSTAKMG001,TSTAKMG,KuMagwaca,Tsitsa,2106.989365462461,0.6920186724353865,1458.0759835228098,0.13909774721789178,0,0.38,0.38,802,14.4,41.338592529296875,19.336162567138672,18.39253616333008,"c(28.5336333333333, -30.91645)",0.13909774721789178,870.9997484241446,407.410888978145,387.52878100020223,950.4937154219793,0.3,475,365,1,0.6518821557745725,194.68359999999998,752.7189852883627,836.3544280981807,194.68359999999998,0,83.63544280981807,0,20091.504798213347,83.63544280981807,0.015659979813100213,254.9828241168886,572.0748964278773,572.0748964278773,111.53419359777004,1077.2181457255615,346.7473887215688,114.6189376806394,14.843939217443676,6574.788475333865,65.74788475333865
TSTAKMG002,TSTAKMG,KuMagwaca,Tsitsa,2106.989365462461,0.6920186724353865,1458.0759835228098,0.13909774721789178,0.10000000149011612,0.4,0.4,794,14.7,41.338592529296875,19.336162567138672,18.39253616333008,"c(28.5264166666667, -30.8947166666667)",0.13909774721789178,870.9997484241446,407.410888978145,387.52878100020223,950.4937154219793,0.3,475,365,1,0.6518821557745725,192.7904,755.4576699449648,839.3974110499609,192.7904,0,83.93974110499609,0,20091.504798213347,83.93974110499609,0.015603209264407577,252.50324451892507,577.051344616752,577.051344616752,112.77398339675182,1082.1945939144362,349.02013542109233,115.4832217688758,14.793727730584916,6753.012265357062,67.53012265357061
TSTAKMG004,TSTAKMG,KuMagwaca,Tsitsa,2106.989365462461,0.6920186724353865,1458.0759835228098,0.13909774721789178,0,0.38,0.38,802,14.4,41.338592529296875,19.336162567138672,18.39253616333008,"c(28.5336333333333, -30.9164666666667)",0.13909774721789178,870.9997484241446,407.410888978145,387.52878100020223,950.4937154219793,0.3,475,365,1,0.6518821557745725,194.68359999999998,752.7189852883627,836.3544280981807,194.68359999999998,0,83.63544280981807,0,20091.504798213347,83.63544280981807,0.015659979813100213,254.9828241168886,572.0748964278773,572.0748964278773,111.53419359777004,1077.2181457255615,346.7473887215688,114.6189376806394,14.843939217443676,6574.788475333865,65.74788475333865
TSTANQY001,TSTANQY,Ngqayi,Tsitsa,1748.495012938775,0.6358006352978816,1111.6942400416508,0.17607655846758902,0.30000001192092896,0.39,0.39,815,14.6,37.72651290893555,17.852375030517578,14.131917953491213,"c(28.57735, -30.9698166666667)",0.17607655846758902,659.6461967684413,312.147887099727,247.09588064939325,715.5705735433534,0.3,475,365,1,0.6436757048561695,194.7786,766.9934941897142,852.2149935441269,194.7786,0,85.22149935441269,0,20091.504798213347,85.22149935441267,0.015175059827132065,251.89573986074706,591.71920682776,591.71920682776,110.06867667477886,1096.8624561254442,347.5873273425609,114.44028197822234,14.6595588696888,6440.527913357181,64.40527913357181
TSTANQY003,TSTANQY,Ngqayi,Tsitsa,1748.495012938775,0.6358006352978816,1111.6942400416508,0.17607655846758902,0,0.38,0.38,807,15,37.72651290893555,17.852375030517578,14.131917953491213,"c(28.5657666666667, -30.9599666666667)",0.17607655846758902,659.6461967684413,312.147887099727,247.09588064939325,715.5705735433534,0.3,475,365,1,0.6436757048561695,192.26099999999997,772.7977230036004,858.6641366706671,192.26099999999997,0,85.86641366706671,0,20091.504798213347,85.86641366706671,0.015061084957797883,248.63987543481204,600.7764832107973,600.7764832107973,111.69660888774638,1105.9197325084815,350.47302777320965,115.81168043336098,14.593627615063616,6661.395066587554,66.61395066587554
TSTABSW001,TSTABSW,Basuto West,Tsitsa,5769.736764308039,0.7413794298467531,4277.564152688544,0.14114713462585254,0,0.49,0.49,782,15.9,33.818363189697266,16.082670211791992,12.416078567504885,"c(28.4968, -31.0160666666667)",0.14114713462585254,1951.23053404318,927.9277358921801,716.3750497947002,2115.660812611868,0.3,475,365,1,0.494594759328654,184.98560000000003,780.1023071075385,866.7803412305983,184.98560000000003,0,86.67803412305983,0,20091.504798213347,86.67803412305983,0.01146444203627727,183.82302063383085,676.746483714467,676.746483714467,89.4415315721512,1181.889733012151,377.1061886906147,132.67453306122027,11.067214364342272,7890.699493945741,78.9069949394574
TSTABSW002,TSTABSW,Basuto West,Tsitsa,5769.736764308039,0.7413794298467531,4277.564152688544,0.14114713462585254,0,0.48,0.48,787,15.7,38.44083404541016,15.77312183380127,13.415796279907228,"c(28.50525, -31.0278166666667)",0.14114713462585254,2217.934934424671,910.0676093239302,774.0561301864775,2386.3473083757117,0.3,475,365,1,0.5578752820985372,186.6934,778.0770329998408,864.53003666648965,186.6934,0,86.45300366664897,0,20091.504798213347,86.45300366664897,0.012964909756410601,209.2563037997428,647.6115161432078,647.6115161432078,99.92795690447338,1152.7547654408918,367.4928514131091,127.1744496285734,12.521962558520755,7546.797770171521,75.46797770171521
TSTABSW003,TSTABSW,Basuto West,Tsitsa,5769.736764308039,0.7413794298467531,4277.564152688544,0.14114713462585254,0.10000000149011612,0.45,0.45,776,15.9,38.140625,16.54329490661621,13.342466354370115,"c(28.4990833333333, -30.9931333333333)",0.14114713462585254,2200.613662761863,954.5045682549347,769.825186513523,2373.046638238709,0.3,475,365,1,0.5547658792556499,184.54760000000002,775.9755742062721,862.1950824514134,184.54760000000002,0,86.21950824514136,0,20091.504798213347,86.21950824514136,0.012927563090778868,205.69825579243312,648.2855570061184,648.2855570061184,100.5668562841198,1153.4288063038025,369.91572675233573,127.59716561658233,12.403737039100392,7769.193667858658,77.69193667858659
TSTABSW004,TSTABSW,Basuto West,Tsitsa,5769.736764308039,0.7413794298467531,4277.564152688544,0.14114713462585254,0.5,0.44,0.44,803,15.2,37.72651290893555,17.852375030517578,14.131917953491213,"c(28.5553166666667, -30.9726)",0.14114713462585254,2176.7204851982724,1030.0350454379213,815.3744656644308,2361.2614363085077,0.3,475,365,1,0.5520107594001606,190.8894,775.3991517090336,861.5546130100373,190.8894,0,86.15546130100374,0,20091.504798213347,86.15546130100374,0.012872923728428243,211.71021884539414,643.4122754348487,643.4122754348487,96.55065506335836,1148.5555247325328,364.1134370462762,126.35110118933784,12.484565393304477,7179.397893876062,71.79397893876062
TSTABSW005,TSTABSW,Basuto West,Tsitsa,5769.736764308039,0.7413794298467531,4277.564152688544,0.14114713462585254,0.4000000059604645,0.39,0.39,815,14.7,37.72651290893555,17.852375030517578,14.131917953491213,"c(28.57535, -30.9831166666667)",0.14114713462585254,2176.7204851982724,1030.0350454379213,815.3744656644308,2361.2614363085077,0.3,475,365,1,0.5520107594001606,194.32340000000002,769.7943551526635,855.3270612807371,194.32340000000002,0,85.53270612807371,0,20091.504798213347,85.53270612807371,0.01296665021278159,215.51877443577834,634.0792839630353,634.0792839630353,94.64637726816625,1139.2225332607195,360.35002866415743,124.78664527072208,12.561688644009758,6868.040768922202,68.68040768922202
TSTABSW006,TSTABSW,Basuto West,Tsitsa,5769.736764308039,0.7413794298467531,4277.564152688544,0.14114713462585254,0,0.52,0.52,791,15.7,37.72651290893555,17.852375030517578,14.131917953491213,"c(28.5216666666667, -30.98145)",0.14114713462585254,2176.7204851982724,1030.0350454379213,815.3744656644308,2361.2614363085077,0.3,475,365,1,0.5520107594001606,186.9854,780.7378157482402,867.4864619424891,186.9854,0,86.74864619424892,0,20091.504798213347,86.74864619424893,0.01278489902461324,207.38039909441574,652.7492473298569,652.7492473298569,98.71556493884756,1157.8924966275408,367.8832254443434,127.90191396007184,12.396886543347163,7524.989187759818,75.24989187759819
TSTABSW007,TSTABSW,Basuto West,Tsitsa,5769.736764308039,0.7413794298467531,4277.564152688544,0.14114713462585254,0.10000000149011612,0.39,0.39,803,15.2,37.72651290893555,17.852375030517578,14.131917953491213,"c(28.5527117052931, -30.9693420810409)",0.14114713462585254,2176.7204851982724,1030.0350454379213,815.3744656644308,2361.2614363085077,0.3,475,365,1,0.5520107594001606,190.8894,775.6183230981125,861.7981367756805,190.8894,0,86.17981367756806,0,20091.504798213347,86.17981367756806,0.012869286144721095,211.71021884539414,643.6584138247765,643.6584138247764,96.55065506335836,1148.8016631224605,364.0885555952512,126.37572091009959,12.484565393304477,7182.206937187485,71.82206937187485
TSTABSW008,TSTABSW,Basuto West,Tsitsa,5769.736764308039,0.7413794298467531,4277.564152688544,0.14114713462585254,0.5,0.42,0.42,814,14.7,37.72651290893555,17.852375030517578,14.131917953491213,"c(28.5730652411217, -30.9815738246779)",0.14114713462585254,2176.7204851982724,1030.0350454379213,815.3744656644308,2361.2614363085077,0.3,475,365,1,0.5520107594001606,194.2504,768.9856627012911,854.4285141125456,194.2504,0,85.44285141125457,0,20091.504798213347,85.44285141125457,0.0129802863995862,215.4378121299839,633.2372113339352,633.2372113339352,94.68685842106346,1138.3804606316194,360.4812443537427,124.70733071922795,12.560049157317419,6874.757814429585,68.74757814429584
TSTABSW009,TSTABSW,Basuto West,Tsitsa,5769.736764308039,0.7413794298467531,4277.564152688544,0.14114713462585254,0,0.46,0.46,794,15.5,37.72651290893555,17.852375030517578,14.131917953491213,"c(28.5101020398915, -30.973353213354)",0.14114713462585254,2176.7204851982724,1030.0350454379213,815.3744656644308,2361.2614363085077,0.3,475,365,1,0.5520107594001606,188.47199999999998,777.4772403731687,863.8636004146318,188.47199999999998,0,86.38636004146319,0,20091.504798213347,86.38636004146319,0.012838516191480303,209.0291465436484,647.8296336012464,647.8296336012464,97.89119121423123,1152.9728828989305,366.5474676817046,127.16891788771183,12.430273679194125,7400.0848544943465,74.00084854494347
TSTABSW010,TSTABSW,Basuto West,Tsitsa,5769.736764308039,0.7413794298467531,4277.564152688544,0.14114713462585254,0,0.44,0.44,799,15.3,37.72651290893555,17.852375030517578,14.131917953491213,"c(28.5169145657561, -30.9602393700713)",0.14114713462585254,2176.7204851982724,1030.0350454379213,815.3744656644308,2361.2614363085077,0.3,475,365,1,0.5520107594001606,190.02939999999998,775.4335896449694,861.5928773832993,190.02939999999998,0,86.15928773832994,0,20091.504798213347,86.15928773832994,0.012872352026442947,210.7564163387749,644.1976844828216,644.1976844828216,97.02755631666797,1149.3409337805056,365.0299497427743,126.5588691080339,12.465250892545438,7260.593191591934,72.60593191591934
TSTABSW011,TSTABSW,Basuto West,Tsitsa,5769.736764308039,0.7413794298467531,4277.564152688544,0.14114713462585254,0,0.5,0.5,787,15.7,37.72651290893555,17.852375030517578,14.131917953491213,"c(28.5016023309437, -30.9649310715744)",0.14114713462585254,2176.7204851982724,1030.0350454379213,815.3744656644308,2361.2614363085077,0.3,475,365,1,0.5520107594001606,186.6934,777.9890417792815,864.432268643646,186.6934,0,86.4432268643646,0,20091.504798213347,86.4432268643646,0.012830070351903729,207.05654987123802,649.9031788326895,649.9031788326894,98.87748955043641,1155.0464281303734,368.26506918884223,127.62267936288852,12.390328596577815,7563.25296421482,75.6325296421482
TSTABSW012,TSTABSW,Basuto West,Tsitsa,5769.736764308039,0.7413794298467531,4277.564152688544,0.14114713462585254,0.10000000149011612,0.4,0.4,810,14.8,37.72651290893555,17.852375030517578,14.131917953491213,"c(28.5619494457355, -30.966814300955)",0.14114713462585254,2176.7204851982724,1030.0350454379213,815.3744656644308,2361.2614363085077,0.3,475,365,1,0.5520107594001606,193.4844,769.1538177735634,854.6153530817371,193.4844,0,85.46153530817372,0,20091.504798213347,85.46153530817372,0.012977448604405053,214.58826245548354,634.1111911241301,634.11119112413,95.11163325831367,1139.254440421814,361.3995161177688,124.92866694010644,12.542845776408786,6949.536708485944,69.49536708485944
TSTABTL008,TSTABTL,Basuto West,Tsitsa,5769.736764308039,0.7413794298467531,4277.564152688544,0.14114713462585254,0,0.46,0.46,787,15.6,37.72651290893555,17.852375030517578,14.131917953491213,"c(28.50313333, -30.95286667)",0.14114713462585254,2176.7204851982724,1030.0350454379213,815.3744656644308,2361.2614363085077,0.3,475,365,1,0.5520107594001606,187.33659999999998,775.3532450759145,861.503605639905,187.33659999999998,0,86.1503605639905,0,20091.504798213347,86.1503605639905,0.012873685900496942,207.7699054203746,646.4017662969858,646.4017662969858,98.52081177586813,1151.5450155946698,367.74185535393883,127.15497895504399,12.40477404644783,7514.17453679623,75.1417453679623
TSTANQY002,TSTANQY,Basuto West,Tsitsa,5769.736764308039,0.7413794298467531,4277.564152688544,0.14114713462585254,0,0.42,0.42,807,15,37.72651290893555,17.852375030517578,14.131917953491213,"c(28.5615, -30.9656)",0.14114713462585254,2176.7204851982724,1030.0350454379213,815.3744656644308,2361.2614363085077,0.3,475,365,1,0.5520107594001606,192.26099999999997,772.6230333928547,858.4700371031719,192.26099999999997,0,85.8470037103172,0,20091.504798213347,85.8470037103172,0.012919177538890417,213.23142293618355,639.0914309605121,639.091430960512,95.79005301796364,1144.234680258196,362.6972665685722,125.67116748943225,12.51536977614296,7057.635311672354,70.57635311672354
TSTABSE001,TSTABSE,Basuto East,Tsitsa,2246.8723889457656,0.6807881948770893,1529.644197789561,0.02465277817100286,0.20000000298023224,0.48,0.48,782,15.7,38.140625,16.54329490661621,13.342466354370115,"c(28.4580333333333, -30.9457666666667)",0.02465277817100286,856.9711720963459,371.70672547863086,299.7881925207208,924.120663896281,0.3,475,365,1,0.6041409271722782,186.3284,774.5245480939828,860.5828312155364,186.3284,0,86.05828312155364,0,20091.504798213347,86.05828312155364,0.014104511380890947,226.16728148473698,624.8770158139828,624.8770158139828,108.43669040932123,1130.020265111667,361.86589922478095,132.1335762417462,13.551460861709357,7940.078143765826,79.40078143765827
TSTABSE002,TSTABSE,Basuto East,Tsitsa,2246.8723889457656,0.6807881948770893,1529.644197789561,0.02465277817100286,0,0.48,0.48,791,15.3,38.140625,16.54329490661621,13.342466354370115,"c(28.4921666666667, -30.9226166666667)",0.02465277817100286,856.9711720963459,371.70672547863086,299.7881925207208,924.120663896281,0.3,475,365,1,0.6041409271722782,189.44539999999998,769.6770218212482,855.196690912498,189.44539999999998,0,85.5196690912498,0,20091.504798213347,85.5196690912498,0.014193343433225274,229.95072735980443,616.6179907290425,616.6179907290425,106.54496747178747,1121.7612400267267,358.95451404194426,130.71209511031432,13.628075640679471,7642.5193607614265,76.42519360761426
TSTABSE003,TSTABSE,Basuto East,Tsitsa,2246.8723889457656,0.6807881948770893,1529.644197789561,0.02465277817100286,0,0.46,0.46,788,15.3,38.140625,16.54329490661621,13.342466354370115,"c(28.4661, -30.9380166666667)",0.02465277817100286,856.9711720963459,371.70672547863086,299.7881925207208,924.120663896281,0.3,475,365,1,0.6041409271722782,189.22639999999998,767.6667686473443,852.9630762748269,189.22639999999998,0,85.29630762748269,0,20091.504798213347,85.29630762748269,0.014230510879896472,229.68490296242243,614.5450952817564,614.5450952817564,106.6778796704785,1119.6883445794406,359.2229468672498,130.47268085098437,13.622692696632487,7670.3817653884325,76.70381765388433
TSTABSE004,TSTABSE,Basuto East,Tsitsa,2246.8723889457656,0.6807881948770893,1529.644197789561,0.02465277817100286,0,0.47,0.47,787,15.2,38.140625,16.54329490661621,13.342466354370115,"c(28.4724, -30.9238666666667)",0.02465277817100286,856.9711720963459,371.70672547863086,299.7881925207208,924.120663896281,0.3,475,365,1,0.6041409271722782,189.7214,764.1449687738905,849.0499653043228,189.7214,0,84.90499653043229,0,20091.504798213347,84.90499653043229,0.014296096617503846,230.28573892910785,610.1163781471105,610.1163781471105,106.37746168713579,1115.2596274447947,358.80368535592265,129.84328797378924,13.634859624957869,7627.708482910438,76.27708482910438
FZTZMBD001,FZTZMBD,Mbundu village,uMfolozi-uMhlatuze,2094.571152775043,0.9288451956613392,1945.5323522259316,0.15539773081598646,0,0.43,0.43,892,14.7,38.312286376953125,7.445744514465332,7.134602069854736,"c(30.990878, -28.384286)",0.15539773081598646,802.478098420223,155.95641670932105,149.43931682046843,833.017671773202,0.3,475,365,1,0.42816952944530884,199.94440000000003,821.1591496488827,912.3990551654252,199.94440000000003,0,91.23990551654254,0,20091.504798213347,91.23990551654254,0.009428517167567055,172.00357281592002,737.9394044679398,737.9394044679398,70.99511892624992,1243.082653765624,364.52768978774833,137.50644793678805,9.841447015557884,6499.640706058188,64.99640706058187
FZTZMBD002,FZTZMBD,Mbundu village,uMfolozi-uMhlatuze,2094.571152775043,0.9288451956613392,1945.5323522259316,0.15539773081598646,0.30000001192092896,0.44,0.44,873,15.1,38.312286376953125,7.445744514465332,7.134602069854736,"c(30.997814, -28.378025)",0.15539773081598646,802.478098420223,155.95641670932105,149.43931682046843,833.017671773202,0.3,475,365,1,0.42816952944530884,196.54859999999996,820.3708707134086,911.5231896815651,196.54859999999996,0,91.15231896815652,0,20091.504798213347,91.15231896815652,0.009437576852328274,169.08231204258348,739.62082499185,739.62082499185,72.45574931291819,1244.7640742895342,369.5334667144656,138.40330407500508,9.782291484897819,6804.003070117099,68.04003070117099
FZTZMBD003,FZTZMBD,Mbundu village,uMfolozi-uMhlatuze,2094.571152775043,0.9288451956613392,1945.5323522259316,0.15539773081598646,0.30000001192092896,0.45,0.45,844,15.6,38.312286376953125,7.445744514465332,7.134602069854736,"c(30.98865, -28.374306)",0.15539773081598646,802.478098420223,155.95641670932105,149.43931682046843,833.017671773202,0.3,475,365,1,0.42816952944530884,191.49759999999998,815.3201599525013,905.9112888361125,191.49759999999998,0,90.59112888361125,0,20091.504798213347,90.59112888361125,0.009496040353301588,164.7371538571419,737.6980370098381,737.698037009838,74.62832840563898,1242.841286307522,376.28248816961457,139.1231760035282,9.694302031642625,7271.2651186555595,72.71265118655559
FZTZMBD004,FZTZMBD,Mbundu village,uMfolozi-uMhlatuze,2094.571152775043,0.9288451956613392,1945.5323522259316,0.15539773081598646,0.30000001192092896,0.45,0.45,844,15.6,38.312286376953125,7.445744514465332,7.134602069854736,"c(30.98865, -28.374306)",0.15539773081598646,802.478098420223,155.95641670932105,149.43931682046843,833.017671773202,0.3,475,365,1,0.42816952944530884,191.49759999999998,815.3201599525013,905.9112888361125,191.49759999999998,0,90.59112888361125,0,20091.504798213347,90.59112888361125,0.009496040353301588,164.7371538571419,737.6980370098381,737.698037009838,74.62832840563898,1242.841286307522,376.28248816961457,139.1231760035282,9.694302031642625,7271.2651186555595,72.71265118655559
FZTZNSB001,FZTZNSB,Nsubeni village,uMfolozi-uMhlatuze,3024.7076491854727,0.8577417514626478,2594.418036674815,0.3023255852860325,0.4000000059604645,0.41,0.41,868,15.5,34.70042037963867,7.287953853607178,5.268077373504639,"c(31.04335, -28.355717)",0.3023255852860325,1049.5862695224455,220.43929767916373,159.34393928140395,1087.5645932185023,0.3,475,365,1,0.41919404577236136,193.874,829.080076841045,921.2000853789389,193.874,0,92.1200085378939,0,20091.504798213347,92.1200085378939,0.009142681721043638,163.28531991745314,754.9151963543366,754.9151963543366,72.06320511309944,1260.0584456520205,373.1649336063516,126.48228026729687,9.53161526373738,6371.169064536191,63.71169064536191
FZTZNSB003,FZTZNSB,Nsubeni village,uMfolozi-uMhlatuze,3024.7076491854727,0.8577417514626478,2594.418036674815,0.3023255852860325,0.20000000298023224,0.49,0.49,832,16.3,34.70042037963867,7.287953853607178,5.268077373504639,"c(31.016997, -28.350894)",0.3023255852860325,1049.5862695224455,220.43929767916373,159.34393928140395,1087.5645932185023,0.3,475,365,1,0.41919404577236136,185.72439999999997,827.4590413522608,919.3989348358452,185.72439999999997,0,91.93989348358453,0,20091.504798213347,91.93989348358453,0.009160592712152336,156.42153187367583,758.7923975255426,758.7923975255426,75.49509913498811,1263.9356468232268,382.2501057253223,128.11675485976144,9.392623555850891,7033.6551867824655,70.33655186782465
FZTZNSB004,FZTZNSB,Nsubeni village,uMfolozi-uMhlatuze,3024.7076491854727,0.8577417514626478,2594.418036674815,0.3023255852860325,0.4000000059604645,0.43,0.43,868,15.5,34.70042037963867,7.287953853607178,5.268077373504639,"c(31.043803, -28.354028)",0.3023255852860325,1049.5862695224455,220.43929767916373,159.34393928140395,1087.5645932185023,0.3,475,365,1,0.41919404577236136,193.874,828.9863548812309,921.0959498680343,193.874,0,92.10959498680343,0,20091.504798213347,92.10959498680343,0.009143715356933793,163.28531991745314,754.8108007910018,754.8108007910018,72.06320511309944,1259.954050088686,373.17620204894075,126.47422244167564,9.53161526373738,6370.2466399596005,63.702466399596005
FZTZZLR001,FZTZZLR,Zulu Rock,uMfolozi-uMhlatuze,4087.980823527822,0.951948651009412,3891.547830309656,0.14237762567671974,0.5,0.59,0.59,803,18.5,33.77829360961914,8.112689971923828,14.684203147888184,"c(31.041867, -28.17805)",0.14237762567671974,1380.8501652761543,331.6452103245107,600.2874087735378,1474.043427185959,0.3,475,365,1,0.37878075548892,162.21900000000002,872.1864573338244,969.0960637042492,162.21900000000002,0,96.90960637042492,0,20091.504798213347,96.90960637042494,0.007852962829388844,123.45312596582318,836.3716241713196,836.3716241713196,77.16096245345977,1341.5148734690038,400.47491675062327,155.44227650876317,8.124870580980959,9946.603960744442,99.46603960744442
FZTZZLR002,FZTZZLR,Zulu Rock,uMfolozi-uMhlatuze,4087.980823527822,0.951948651009412,3891.547830309656,0.14237762567671974,0.10000000149011612,0.58,0.58,816,18.3,33.77829360961914,8.112689971923828,14.684203147888184,"c(31.074133, -28.17695)",0.14237762567671974,1380.8501652761543,331.6452103245107,600.2874087735378,1474.043427185959,0.3,475,365,1,0.37878075548892,165.48839999999996,876.1057305510296,973.4508117233662,165.48839999999996,0,97.34508117233662,0,20091.504798213347,97.34508117233662,0.007817832472606936,125.94122939410627,839.4321013618247,839.4321013618247,75.91691073931824,1344.5753506595088,398.0414867963826,155.4853678869308,8.175254675403691,9589.047763883693,95.89047763883693
FZTZZLR003,FZTZZLR,Zulu Rock,uMfolozi-uMhlatuze,4087.980823527822,0.951948651009412,3891.547830309656,0.14237762567671974,0,0.6,0.6,830,17.9,34.18866729736328,7.511464595794678,14.058466911315918,"c(31.042283, -28.125367)",0.14237762567671974,1397.6261629359387,307.0672322421681,574.7074314165989,1485.8036293018154,0.3,475,365,1,0.3818027412459139,170.9256,874.2363691013094,971.3737434458993,170.9256,0,97.13737434458994,0,20091.504798213347,97.13737434458994,0.007897054722213134,131.11688431433586,833.7507324381588,833.7507324381587,74.43715468359959,1338.8939817358428,394.1279854542815,154.29687044965743,8.324938579416385,9057.307008016665,90.57307008016666
FZTZZLR004,FZTZZLR,Zulu Rock,uMfolozi-uMhlatuze,4087.980823527822,0.951948651009412,3891.547830309656,0.14237762567671974,0.10000000149011612,0.57,0.57,833,18,31.319339752197266,6.709075450897217,6.484952926635742,"c(31.093417, -28.173517)",0.14237762567671974,1280.3286031253504,274.265717868691,265.1036320556754,1334.265538117787,0.3,475,365,1,0.34286242808728823,170.069,879.7818091155043,977.5353434616715,170.069,0,97.75353434616716,0,20091.504798213347,97.75353434616716,0.007046928957728195,117.15410751634951,854.5030876261627,854.5030876261627,67.1402999143569,1359.6463369238468,398.29147809147514,157.7777192465284,7.4639235009436105,9214.995987330325,92.14995987330325
FZTZZLR005,FZTZZLR,Zulu Rock,uMfolozi-uMhlatuze,4087.980823527822,0.951948651009412,3891.547830309656,0.14237762567671974,0.4000000059604645,0.58,0.58,803,18.5,33.77829360961914,8.112689971923828,14.684203147888184,"c(31.04335, -28.176883)",0.14237762567671974,1380.8501652761543,331.6452103245107,600.2874087735378,1474.043427185959,0.3,475,365,1,0.37878075548892,162.21900000000002,872.2358049635699,969.1508944039665,162.21900000000002,0,96.91508944039666,0,20091.504798213347,96.91508944039666,0.00785251854001216,123.45312596582318,836.4265921324748,836.4265921324748,77.16096245345977,1341.5698414301587,400.4686678230074,155.44765643936697,8.124870580980959,9947.356313369826,99.47356313369826
FZTZZLR006,FZTZZLR,Zulu Rock,uMfolozi-uMhlatuze,4087.980823527822,0.951948651009412,3891.547830309656,0.14237762567671974,0.30000001192092896,0.55,0.55,805,18.5,33.77829360961914,8.112689971923828,14.684203147888184,"c(31.038817, -28.1826)",0.14237762567671974,1380.8501652761543,331.6452103245107,600.2874087735378,1474.043427185959,0.3,475,365,1,0.37878075548892,162.365,873.9433792736082,971.048199192898,162.365,0,97.10481991928981,0,20091.504798213347,97.10481991928982,0.007837175716614181,123.56423598617225,838.273835427581,838.273835427581,77.10540744328523,1343.417084725265,400.21569722945503,155.62490164260907,8.12712055889303,9923.995562432565,99.23995562432565
FZTZZLR007,FZTZZLR,Zulu Rock,uMfolozi-uMhlatuze,4087.980823527822,0.951948651009412,3891.547830309656,0.14237762567671974,0.30000001192092896,0.59,0.59,788,18.9,33.77829360961914,8.112689971923828,14.684203147888184,"c(31.036483, -28.189033)",0.14237762567671974,1380.8501652761543,331.6452103245107,600.2874087735378,1474.043427185959,0.3,475,365,1,0.37878075548892,156.25760000000002,872.7443553436368,969.7159503818186,156.25760000000002,0,96.97159503818187,0,20091.504798213347,96.97159503818187,0.007847942857266628,118.91633640891146,838.9141503335004,838.9141503335004,79.42935723191562,1344.0573996311846,403.7387581854656,156.11938646067267,8.033000592453497,10575.582451274617,105.75582451274617
FZTZZLR008,FZTZZLR,Zulu Rock,uMfolozi-uMhlatuze,4087.980823527822,0.951948651009412,3891.547830309656,0.14237762567671974,0.4000000059604645,0.59,0.59,803,18.5,33.77829360961914,8.112689971923828,14.684203147888184,"c(31.046017, -28.175017)",0.14237762567671974,1380.8501652761543,331.6452103245107,600.2874087735378,1474.043427185959,0.3,475,365,1,0.37878075548892,162.21900000000002,872.1864573338244,969.0960637042492,162.21900000000002,0,96.90960637042492,0,20091.504798213347,96.90960637042494,0.007852962829388844,123.45312596582318,836.3716241713196,836.3716241713196,77.16096245345977,1341.5148734690038,400.47491675062327,155.44227650876317,8.124870580980959,9946.603960744442,99.46603960744442
FZTZREF010,FZTZREF,Babanango village,uMfolozi-uMhlatuze,1422.0120175856634,0.9435213135103112,1341.698646659873,0.4418699244658152,0.30000001192092896,0.41,0.41,852,16.6,37.63459777832031,7.851795673370361,5.210672378540039,"c(31.0996, -28.3549)",0.4418699244658152,535.168503177742,111.6534780715977,74.09638741985609,553.7434897268873,0.3,475,365,1,0.41271822931730506,184.8036,851.2169863356161,945.7966514840178,184.8036,0,94.57966514840179,0,20091.504798213347,94.57966514840179,0.008767350012952412,153.2415528270266,788.3976374623419,788.3976374623418,74.71060128114392,1293.5408867600258,381.43097119112014,116.6645856468616,9.232062241380907,6311.190689270024,63.11190689270025
FZTZJMA001,FZTZJMA,Jama Village,uMfolozi-uMhlatuze,1205.784891466558,0.9699148029818956,1169.508615445333,0.12916666862589357,0.10000000149011612,0.6,0.6,801,17.5,35.28910827636719,7.220376491546631,12.68637752532959,"c(30.890627, -28.241507)",0.12916666862589357,425.5107359297103,87.06220884207241,152.9704234748332,449.5139991614008,0.3,475,365,1,0.3843614260081633,172.923,840.1152798217339,933.4614220241488,172.923,0,93.34614220241488,0,20091.504798213347,93.34614220241488,0.008272864044178312,133.53804774796805,793.7887484830819,793.7887484830819,74.16476581277925,1298.9319977807659,395.76461793775917,151.29321922816143,8.411963949210264,9134.73612106968,91.3473612106968
FZTZJMA002,FZTZJMA,Jama Village,uMfolozi-uMhlatuze,1205.784891466558,0.9699148029818956,1169.508615445333,0.12916666862589357,0.10000000149011612,0.61,0.61,798,17.6,35.28910827636719,7.220376491546631,12.68637752532959,"c(30.890692, -28.241708)",0.12916666862589357,425.5107359297103,87.06220884207241,152.9704234748332,449.5139991614008,0.3,475,365,1,0.3843614260081633,171.70359999999997,840.806100013237,934.2290000147078,171.70359999999997,0,93.4229000014708,0,20091.504798213347,93.4229000014708,0.008266066922317291,132.59637836087737,795.1821639489057,795.1821639489057,74.63560050632458,1300.3254132465897,396.56522676933037,151.55545227269855,8.39289514412168,9250.50626976082,92.5050626976082
KMZIGMN001,KMZIGMN,Nhlabamkhosi,uMkhomazi,1038.5952806044727,0.7618092777542128,791.2115205962273,0.21258278620361493,0.20000000298023224,0.37,0.37,963,13.8,38.60322189331055,7.268492698669434,9.0467529296875,"c(29.8746739610468, -29.5922112945485)",0.21258278620361493,400.9312407451959,75.49022213946141,93.95914897568123,417.87617785671017,0.3,475,365,1,0.5281472362053252,208.54739999999998,839.7871416105125,933.0968240116806,208.54739999999998,0,93.30968240116806,0,20091.504798213347,93.30968240116806,0.01137210250567692,221.29533386121523,709.1446577906631,709.1446577906631,83.00806039887136,1214.2879070883473,334.52327232398227,123.65849796837303,12.324287467533507,5301.755870677693,53.017558706776924
KMZIHBK001,KMZIHBK,Nhlabamkhosi,uMkhomazi,1038.5952806044727,0.7618092777542128,791.2115205962273,0.21258278620361493,0,0.39,0.39,976,13.4,38.60322189331055,7.268492698669434,9.0467529296875,"c(29.88836667, -29.5947)",0.21258278620361493,400.9312407451959,75.49022213946141,93.95914897568123,417.87617785671017,0.3,475,365,1,0.5281472362053252,210.52759999999998,835.4544967858046,928.2827742064495,210.52759999999998,0,92.82827742064495,0,20091.504798213347,92.82827742064495,0.011431077927147305,223.3965780872856,702.4066792614558,702.4066792614558,81.9574382858362,1207.54992855914,329.9426363068494,122.27663301861013,12.366837663111431,5126.196028616528,51.26196028616528
KMZIAGM001,KMZIAGM,Amangwane,uMkhomazi,2460.828220023692,0.7042611001740885,1733.0655895733291,0.1421052658290317,0.4000000059604645,0.39,0.39,883,16.7,33.92654037475586,6.891329288482666,6.517062187194824,"c(29.8024260193816, -29.7272505036251)",0.1421052658290317,834.8738796197239,169.58377586573937,160.3737054189835,867.8696277481962,0.3,475,365,1,0.5007713689369718,186.23539999999997,876.5865367909955,973.9850408788839,186.23539999999997,0,97.3985040878884,0,20091.504798213347,97.3985040878884,0.010329984485928222,187.37609856309052,781.215915143341,781.215915143341,89.92976982139665,1286.359164441025,367.02761310323706,143.076343115472,11.23088766957173,7388.457235517845,73.88457235517845
KMZIAGM002,KMZIAGM,Amangwane,uMkhomazi,2460.828220023692,0.7042611001740885,1733.0655895733291,0.1421052658290317,0,0.42,0.42,854,17,33.92654037475586,6.891329288482666,6.517062187194824,"c(29.7913333140819, -29.7168500216095)",0.1421052658290317,834.8738796197239,169.58377586573937,160.3737054189835,867.8696277481962,0.3,475,365,1,0.5007713689369718,181.512,864.9389757330107,961.0433063700118,181.512,0,96.10433063700118,0,20091.504798213347,96.10433063700118,0.010469091554060882,182.62376756719556,771.8460393376365,771.8460393376365,92.30593531934412,1276.9892886353205,373.07835317302374,142.80655637503014,11.134652966904856,7836.819324713945,78.36819324713946
KMZIGMN002,KMZIGMN,Gomane,uMkhomazi,3627.2984129523816,0.7093885932566407,2573.1641184863356,0.22436975330865697,0.10000000149011612,0.41,0.41,974,13.6,38.60322189331055,7.268492698669434,9.0467529296875,"c(29.8722136785906, -29.6204142947423)",0.22436975330865697,1400.25405508454,263.6499203043961,328.1527254422778,1459.4343196592074,0.3,475,365,1,0.5671749847490178,209.90359999999998,840.283064186577,933.6478490961966,209.90359999999998,0,93.36478490961967,0,20091.504798213347,93.36478490961969,0.012205243056622057,239.19352583207973,691.4506198163326,691.4506198163326,88.36926751104454,1196.5938691140168,326.6232234527607,119.21843301365016,13.266293130396534,5069.6065032822,50.696065032822
KMZISYB003,KMZISYB,Ntshiyabantu,uMkhomazi,1628.4288101065815,0.5209608812175752,848.3477079132122,0.1264150976759831,0,0.36,0.36,930,15,38.6478157043457,8.632303237915039,12.517271995544434,"c(29.8032166666667, -29.61145)",0.1264150976759831,629.3521654064613,140.57091290197178,203.8348634148486,663.7927430381433,0.3,475,365,1,0.7824536293861841,201.23999999999995,855.7570307497449,950.8411452774943,201.23999999999995,0,95.08411452774943,0,20091.504798213347,95.08411452774943,0.016533435608325545,316.3627801691391,624.4128241395457,624.4128241395457,128.72085291318388,1129.5560734372298,316.1919252018472,115.84942630132721,18.02588713983408,5613.753931724105,56.13753931724105
KMZISYB004,KMZISYB,Ntshiyabantu,uMkhomazi,1628.4288101065815,0.5209608812175752,848.3477079132122,0.1264150976759831,0,0.4,0.4,930,15,38.6478157043457,8.632303237915039,12.517271995544434,"c(29.8031088180798, -29.6118017813234)",0.1264150976759831,629.3521654064613,140.57091290197178,203.8348634148486,663.7927430381433,0.3,475,365,1,0.7824536293861841,201.23999999999995,855.5636101897924,950.6262335442137,201.23999999999995,0,95.06262335442138,0,20091.504798213347,95.06262335442138,0.01653717338578033,316.3627801691391,624.1926953285672,624.1926953285672,128.72085291318388,1129.3359446262511,316.2017742564914,115.8250168646456,18.02588713983408,5611.770046953791,56.117700469537915
KMZIQTN001,KMZIQTN,Qutshini,uMkhomazi,2191.760782536103,0.778299559632357,1705.846451867319,0.2500000045719474,0,0.39,0.39,944,14.5,31.648632049560547,6.141568660736084,12.43166446685791,"c(29.7742166666667, -29.5671333333334)",0.2500000045719474,693.6623054714202,134.60849333854125,272.47234640106757,734.3703894453811,0.3,475,365,1,0.4305020470286153,204.63199999999995,849.2318355562808,943.5909283958675,204.63199999999995,0,94.35909283958676,0,20091.504798213347,94.35909283958676,0.00916650815859409,176.99509667295845,764.6041780987613,764.6041780987613,69.35462113268945,1269.7474273964453,353.1404827486496,129.52472092004922,9.977163571128742,5661.214796654579,56.61214796654579
KMZINZG001,KMZINZG,Inzinga,uMkhomazi,5036.4497649000805,0.7911727997583331,3984.702061338195,0.3414402171443034,0,0.4,0.4,897,16.1,38.6478157043457,8.632303237915039,12.517271995544434,"c(29.7778666666667, -29.6236666666667)",0.3414402171443034,1946.4778231805356,434.761616131434,630.4261159915012,2052.996596392829,0.3,475,365,1,0.5152195985522101,191.96259999999998,867.5442666590402,963.9380740656002,191.96259999999998,0,96.39380740656003,0,20091.504798213347,96.39380740656003,0.010738798803522326,198.71079635123314,760.6239365761402,760.6239365761402,89.56015273950987,1265.7671858738242,359.91611775674664,120.32929546006118,11.674973438175094,6029.655760104398,60.29655760104398
KMZINZG002,KMZINZG,Inzinga,uMkhomazi,5036.4497649000805,0.7911727997583331,3984.702061338195,0.3414402171443034,0,0.42,0.42,912,15.7,38.6478157043457,8.632303237915039,12.517271995544434,"c(29.7707833333333, -29.61565)",0.3414402171443034,1946.4778231805356,434.761616131434,630.4261159915012,2052.996596392829,0.3,475,365,1,0.5152195985522101,195.8184,865.2395201955042,961.3772446616713,195.8184,0,96.13772446616713,0,20091.504798213347,96.13772446616713,0.010767403840610151,202.70214200174573,754.7042204384924,754.7042204384924,87.56447991425357,1259.8474697361764,355.219348462669,119.15197177044561,11.755798187597971,5758.544358563203,57.58544358563203
KMZINZG004,KMZINZG,Inzinga,uMkhomazi,5036.4497649000805,0.7911727997583331,3984.702061338195,0.3414402171443034,0.10000000149011612,0.41,0.41,885,16.4,38.6478157043457,8.632303237915039,12.517271995544434,"c(29.7601333333333, -29.6265833333333)",0.3414402171443034,1946.4778231805356,434.761616131434,630.4261159915012,2052.996596392829,0.3,475,365,1,0.5152195985522101,188.81859999999998,868.4886581076045,964.9873978973383,188.81859999999998,0,96.49873978973383,0,20091.504798213347,96.49873978973383,0.010727121472260457,195.45627310697472,764.3320152797244,764.3320152797244,91.18741436163909,1269.4752645774083,363.50057177113877,121.15117950903189,11.609069342478861,6254.202803008091,62.54202803008091
KMZINZG005,KMZINZG,Inzinga,uMkhomazi,5036.4497649000805,0.7911727997583331,3984.702061338195,0.3414402171443034,0,0.51,0.51,883,16.4,35.58012390136719,7.066222667694092,10.182135581970217,"c(29.7448833333333, -29.6213833333333)",0.3414402171443034,1791.9750665815652,355.8867549343953,512.8181435799464,1878.8455564329993,0.3,475,365,1,0.47151468980895916,188.6726,866.5889125019804,962.8765694466449,188.6726,0,96.28765694466449,0,20091.504798213347,96.28765694466449,0.009838685407174325,178.73784902226814,779.7228125205478,779.7228125205478,83.52134915109319,1284.8660618182319,368.8694163598133,123.70587809497664,10.621497526021136,6345.532763644487,63.45532763644487
KMZINZG006,KMZINZG,Inzinga,uMkhomazi,5036.4497649000805,0.7911727997583331,3984.702061338195,0.3414402171443034,0,0.4,0.4,908,16,38.6478157043457,8.632303237915039,12.517271995544434,"c(29.7824166666666, -29.63535)",0.3414402171443034,1946.4778231805356,434.761616131434,630.4261159915012,2052.996596392829,0.3,475,365,1,0.5152195985522101,193.48399999999998,872.0162075473745,968.9068972748605,193.48399999999998,0,96.89068972748606,0,20091.504798213347,96.89068972748606,0.010683727265808438,200.28567919595795,764.3072375777066,764.3072375777065,88.77271131714748,1269.4504868753907,357.4626935671957,120.30535109227597,11.706864815780769,5905.301132690326,59.05301132690326
KMZISYB002,KMZISYB,Inguga,uMkhomazi,2045.3003435781152,0.7482480523039581,1530.3919984589409,0.2632142917386122,0,0.4,0.4,926,15.1,38.6478157043457,8.632303237915039,12.517271995544434,"c(29.7958833333333, -29.5902333333333)",0.2632142917386122,790.4639073864195,176.55652778378106,256.01580713147746,833.7211408779453,0.3,475,365,1,0.5447762022524149,200.41759999999994,856.0258635905112,951.1398484339013,200.41759999999994,0,95.11398484339014,0,20091.504798213347,95.11398484339014,0.011507638650119577,219.36455243507643,727.9702409508894,727.9702409508894,90.07079346996159,1233.1134902485735,346.1535106065144,122.44802336094585,12.532131509154041,5708.476577252015,57.08476577252015
KMZISYB006,KMZISYB,Inguga,uMkhomazi,2045.3003435781152,0.7482480523039581,1530.3919984589409,0.2632142917386122,0.6000000238418579,0.44,0.44,1060,12.1,38.6478157043457,8.632303237915039,12.517271995544434,"c(29.8272930587118, -29.5953716303029)",0.2632142917386122,790.4639073864195,176.55652778378106,256.01580713147746,833.7211408779453,0.3,475,365,1,0.5447762022524149,217.93359999999998,844.6768915015401,938.5298794461556,217.93359999999998,0,93.85298794461556,0,20091.504798213347,93.85298794461556,0.011662253830390476,238.53646897560387,698.0109441474219,698.0109441474219,80.48483519969788,1203.154193445106,301.58019494807104,112.9245314144156,12.92036281909972,4240.035444087287,42.40035444087287
FZTZCBN001,FZTZCBN,Esigcalabeni,uMfolozi-uMhlatuze,3318.759101923527,0.5665529835764217,1880.25287096618,0.08376811777336014,0.10000000149011612,0.45,0.45,854,17.4,39.246917724609375,8.047755241394043,5.473348140716553,"c(31.152508, -28.56825)",0.08376811777336014,1302.5106542099115,267.0856095742925,181.64723959999273,1347.38393912734,0.3,475,365,1,0.7165971981390876,177.77360000000004,877.269944297125,974.7443825523611,177.77360000000004,0,97.47443825523612,0,20091.504798213347,97.47443825523612,0.014770555545134742,255.94982583414526,702.3576681480572,702.3576681480572,134.77975490048578,1207.5009174457414,350.24636715369024,133.70379691999338,15.824548019752557,7771.253543604599,77.712535436046
FZTZCBN002,FZTZCBN,Esigcalabeni,uMfolozi-uMhlatuze,3318.759101923527,0.5665529835764217,1880.25287096618,0.08376811777336014,0.10000000149011612,0.45,0.45,854,17.4,39.246917724609375,8.047755241394043,5.473348140716553,"c(31.152508, -28.568251)",0.08376811777336014,1302.5106542099115,267.0856095742925,181.64723959999273,1347.38393912734,0.3,475,365,1,0.7165971981390876,177.77360000000004,877.269944297125,974.7443825523611,177.77360000000004,0,97.47443825523612,0,20091.504798213347,97.47443825523612,0.014770555545134742,255.94982583414526,702.3576681480572,702.3576681480572,134.77975490048578,1207.5009174457414,350.24636715369024,133.70379691999338,15.824548019752557,7771.253543604599,77.712535436046
FZTZREF021,FZTZREF,Sappi Esigcalabeni Reference,uMfolozi-uMhlatuze,3069.402617923212,0.1934783745619999,593.8630293921302,0.1170000027120114,0,0.44,0.44,861,17.1,39.246917724609375,8.047755241394043,5.473348140716553,"c(31.1626, -28.5127)",0.1170000027120114,1204.645920093329,247.01801006340128,167.9990911192053,1246.1476302115898,0.3,475,365,1,2.098375498281361,181.1166,873.0494554646878,970.05495051631965,181.1166,0,97.00549505163197,0,20091.504798213347,97.00549505163197,0.04346096205141115,763.5789172177693,-505.14324929768406,-505.14324929768406,387.62180679827793,0,0,-83.31882951632262,46.62362932264992,-1854.981750423816,-18.54981750423816
FZTZREF022,FZTZREF,Sappi Esigcalabeni Reference,uMfolozi-uMhlatuze,3069.402617923212,0.1934783745619999,593.8630293921302,0.1170000027120114,0.10000000149011612,0.47,0.47,848,17.6,39.246917724609375,8.047755241394043,5.473348140716553,"c(31.1576, -28.5021)",0.1170000027120114,1204.645920093329,247.01801006340128,167.9990911192053,1246.1476302115898,0.3,475,365,1,2.098375498281361,175.35359999999997,879.002096854168,976.6689965046311,175.35359999999997,0,97.66689965046311,0,20091.504798213347,97.66689965046311,0.043166642478727826,739.2823850394597,-476.41794570093657,-476.41794570093657,399.77007288743266,28.725303596747494,8.351016026473465,-79.30341171477468,46.131624546039134,-1760.1826852541133,-17.601826852541134
FZTZREF023,FZTZREF,Mondi KCT Reference,uMfolozi-uMhlatuze,2640.555664722013,0.47212765957446806,1246.6793659613077,0.25899582156701084,0.4000000059604645,0.42,0.42,845,16.7,33.99946594238281,6.69315767288208,4.625534534454346,"c(31.0854, -28.459)",0.25899582156701084,897.7748239168209,176.7365540800638,122.13981417320721,927.662460742148,0.3,475,365,1,0.744106693405351,183.46139999999997,849.1892524448491,943.5436138276101,183.46139999999997,0,94.35436138276101,0,20091.504798213347,94.35436138276101,0.01584476115554289,274.27888787562506,653.4055497826998,653.4055497826998,135.70212947927456,1158.548799080384,343.3497706601023,112.6538620947728,16.604231202873436,6584.766794440181,65.8476679444018
FZTZREF011,FZTZREF,Babanango Reference,uMfolozi-uMhlatuze,5363.859667600221,0.8851048548192816,4747.578232362293,0.27337209855227995,0.20000000298023224,0.47,0.47,822,18.2,37.63459777832031,7.851795673370361,5.210672378540039,"c(31.1313, -28.3473)",0.27337209855227995,2018.667011294892,421.159301306292,279.4931541232943,2088.732256837851,0.3,475,365,1,0.4399574171521429,167.05840000000003,878.1465023846288,975.7183359829208,167.05840000000003,0,97.57183359829209,0,20091.504798213347,97.5718335982921,0.009059383463176567,147.66971164825173,818.7363367888618,818.7363367888618,87.48431385429757,1323.8795860865457,390.20051024645875,137.47945362767757,9.523738032853245,8469.27411794638,84.6927411794638
FZTZREF012,FZTZREF,Babanango Reference,uMfolozi-uMhlatuze,5363.859667600221,0.8851048548192816,4747.578232362293,0.27337209855227995,0.5,0.45,0.45,829,18.4,36.11852264404297,7.159887313842773,7.83954381942749,"c(31.1848, -28.3427)",0.27337209855227995,1937.3468686368735,384.04630787283736,420.502129054117,2017.801712329569,0.3,475,365,1,0.42501705365801923,165.28660000000002,889.9129999731545,988.7922221923939,165.28660000000002,0,98.8792222192394,0,20091.504798213347,98.8792222192394,0.008636022797548942,141.1420652468029,838.1891077531441,838.189107753144,85.26995453188837,1343.332357050828,391.8292066113703,139.75279686502807,9.169686801036997,8593.936875326619,85.9393687532662
FZTZREF006,FZTZREF,Jama Reference,uMfolozi-uMhlatuze,1026.03008966977,0.6618727528528998,679.1013599596383,0.00769230780693201,0,0.61,0.61,797,17.7,41.50698471069336,7.976037502288818,10.23332691192627,"c(30.9179, -28.2715)",0.00769230780693201,425.87415244634474,81.83654473682844,104.99701329063781,444.55750824909137,0.3,475,365,1,0.6546261492916362,170.6114,843.0540139983519,936.726682220391,170.6114,0,93.6726682220391,0,20091.504798213347,93.6726682220391,0.01404083460967792,224.39535436100022,694.4229363034465,694.4229363034465,127.83406847590116,1199.5661856011307,365.49270138673637,142.02864110842827,14.265291624894507,9109.320521273492,91.09320521273492
FZTZREF008,FZTZREF,Mbundu Reference,uMfolozi-uMhlatuze,4139.428147521424,0.7379808158124213,3054.81856130476,0.02774774816122132,0,0.48,0.48,822,15.8,38.312286376953125,7.445744514465332,7.134602069854736,"c(30.9304, -28.3877)",0.02774774816122132,1585.9095662466136,308.21124422431035,295.3317262932131,1646.263863298366,0.3,475,365,1,0.5389072477663687,188.58640000000003,805.6783864568041,895.1982071742268,188.58640000000003,0,89.51982071742269,0,20091.504798213347,89.51982071742269,0.012095039363927886,204.19112413163455,684.7177237404628,684.7177237404628,95.50553829997422,1189.8609730381468,366.6132220557677,141.34581501858509,12.137714828480156,7832.907340982795,78.32907340982796
FZTZREF013,FZTZREF,Kwezibomvu Reference,uMfolozi-uMhlatuze,478.2778343720794,0.9785966090313916,468.0410668913945,0.1837209351360798,0.10000000149011612,0.48,0.48,822,18.8,37.3873176574707,7.203848361968994,5.584211826324463,"c(31.2061, -28.2743)",0.1837209351360798,178.81525322196092,34.45440993707382,26.708047389694183,184.9314989546377,0.3,475,365,1,0.395118104022162,159.98439999999997,896.9981925773301,996.6646584192556,159.98439999999997,0,99.66646584192557,0,20091.504798213347,99.66646584192557,0.007965083557204676,127.00389243819444,859.0064977635782,859.0064977635782,81.37599419240847,1364.1497470612621,397.6437001929525,152.80567794594728,8.439385408539419,9700.054876336742,97.00054876336742
